chr	start	end	strand	pvalue	qvalue	meth.diff
chr1	906001	907000	*	8.37299366800798e-07	0.000226446505123941	22.8637927545031
chr1	928001	929000	*	0.000752310753847799	0.0481450475974319	-11.1123553564763
chr1	1325001	1326000	*	7.14555936075513e-49	2.86011046068276e-44	14.6164441618987
chr1	1355001	1356000	*	0.00175161171096969	0.0752769043327749	13.8138486909568
chr1	1965001	1966000	*	4.62191817957191e-06	0.00107870999706842	10.5779133500908
chr1	2234001	2235000	*	2.1060343967342e-16	3.74653260829653e-13	36.7067343586681
chr1	2289001	2290000	*	0.000165562736428098	0.0195771964026764	11.1399371069182
chr1	2384001	2385000	*	3.04983699293385e-05	0.0054255114549574	-14.6646859083192
chr1	2973001	2974000	*	0.000683342550538058	0.0453594444872911	28.1340834505392
chr1	3100001	3101000	*	0.000963996429919835	0.0549257090355564	10.6148331954784
chr1	3201001	3202000	*	0.000214729829754907	0.022588338831267	13.0075429305088
chr1	3955001	3956000	*	0.00107570149541717	0.0578026584149849	-19.4253312945974
chr1	6095001	6096000	*	0.000237102684707415	0.0242410417807498	-10.1918699186992
chr1	6161001	6162000	*	0.00157962412996645	0.0710013179764276	-34.0578778135048
chr1	6207001	6208000	*	2.7381586044664e-05	0.00498175648314005	34.1815097540288
chr1	6443001	6444000	*	1.4561946305257e-05	0.00298886830528215	16.7669172932331
chr1	6451001	6452000	*	0.00212088474615395	0.0845110898682804	-23.4223382749326
chr1	14733001	14734000	*	2.41078358917236e-06	0.000591993852725083	25.5297630514352
chr1	18684001	18685000	*	0.0002712402798322	0.0266275785882247	13.3137432188065
chr1	28281001	28282000	*	0.000142293034475629	0.0175515515872317	20.0072081812858
chr1	30807001	30808000	*	0.000362327921166358	0.0313571540923769	17.2028402622569
chr1	32769001	32770000	*	0.00119579286248078	0.0608947687815357	-18.0058170942198
chr1	32770001	32771000	*	0.00249355895797294	0.0922868223304614	-16.6797411547388
chr1	45327001	45328000	*	0.00162706914846661	0.072161470513242	-14.2508640554183
chr1	51297001	51298000	*	0.000663819041697673	0.0447688107374977	13.6322079638707
chr1	54454001	54455000	*	1.36755045757578e-09	6.36489850704277e-07	-22.0512820512821
chr1	89303001	89304000	*	1.56568001969701e-07	5.1447696918955e-05	-12.0733283083881
chr1	90850001	90851000	*	4.7956843730723e-13	4.36259091742826e-10	16.5643180349063
chr1	109114001	109115000	*	2.88537544392749e-11	1.79056129188995e-08	10.1141823173395
chr1	109273001	109274000	*	0.000103191697671558	0.0141210002892889	-13.0799880837119
chr1	112723001	112724000	*	0.00159337247297195	0.071176830166514	14.0981820983474
chr1	116656001	116657000	*	2.44361930926193e-05	0.00457052774735752	-11.4503816793893
chr1	145719001	145720000	*	0.00129723040068938	0.0635750455686935	11.1114980151821
chr1	150066001	150067000	*	0.0004137711647264	0.034077719793431	10.2558416065834
chr1	151254001	151255000	*	5.14175315875904e-06	0.00117940337769922	20.9881058389518
chr1	152035001	152036000	*	0.00190261551620515	0.0787944722040035	27.4467458525572
chr1	156126001	156127000	*	0.00138641916333958	0.0662428844822446	29.4022988505747
chr1	161531001	161532000	*	0.000501538296196597	0.0377700366609611	16.2630392886641
chr1	171359001	171360000	*	0.00105282028064387	0.0572562634986184	-11.9352088661552
chr1	230881001	230882000	*	0.000266195810451423	0.0263734184727512	17.4978436446326
chr1	236282001	236283000	*	9.17625183790133e-12	6.2785019425699e-09	20.7710613993337
chr1	237058001	237059000	*	0.000234744661258807	0.02409226835352	-19.3650793650794
chr1	243474001	243475000	*	0.00176076105291645	0.0754571020585024	-14.5791632819565
chr2	3463001	3464000	*	0.0003408185353891	0.0304891496429182	-20.1151151151151
chr2	6773001	6774000	*	0.000712287356990143	0.0467381992520639	14.7030525671302
chr2	8488001	8489000	*	0.000116181630069357	0.0152469930073076	12.100421477002
chr2	30015001	30016000	*	0.000154200925087627	0.0185070720568559	10.6419987349779
chr2	32628001	32629000	*	0.000928999197391788	0.05406968911653	16.6642999147969
chr2	34981001	34982000	*	0.00145358938016766	0.0676927932977675	12.6840633737185
chr2	41684001	41685000	*	0.000347348089662434	0.0306573207927036	13.6363636363636
chr2	43218001	43219000	*	0.00258773390578627	0.0940333026437169	22.6270913770914
chr2	46680001	46681000	*	0.000162417784700915	0.0192730064276824	14.2561393489435
chr2	46801001	46802000	*	0.00227584629305777	0.0875375730231599	-11.4679030365473
chr2	60582001	60583000	*	0.000939639970613989	0.0543503021911979	18.4594816947758
chr2	65081001	65082000	*	0.00015145851463994	0.0182193363167896	15.2560137457045
chr2	85309001	85310000	*	0.000191387183766749	0.0211325261947668	10.1484480431849
chr2	86622001	86623000	*	0.00027618331039141	0.026831613521706	13.872624037971
chr2	96508001	96509000	*	0.00249596739458736	0.0922994774982086	12.8002432350258
chr2	113198001	113199000	*	0.000667564076011783	0.0449078813937926	-34.0634064539521
chr2	115523001	115524000	*	0.000497776533311738	0.0376995357505531	-27.7260273972603
chr2	127674001	127675000	*	0.000193773397906907	0.0213078360354501	21.6692071486955
chr2	128486001	128487000	*	0.000342806612928996	0.0304891496429182	-14.0313916187179
chr2	131104001	131105000	*	0.000178935113765009	0.0203469578425395	16.2081833933093
chr2	201805001	201806000	*	2.34809913668524e-05	0.00441248660900881	-11.3935574229692
chr2	208360001	208361000	*	0.000182003229478701	0.0205209430979518	31.4285714285714
chr2	219514001	219515000	*	0.00013415916404973	0.0168559546158071	15.8320928083774
chr2	230847001	230848000	*	0.00074745578874452	0.0479418420825333	57.8393387575875
chr2	231680001	231681000	*	0.00250502449390757	0.0923695278896851	13.0590026591942
chr2	232879001	232880000	*	1.80659312632353e-08	7.195166807049e-06	-21.128132768931
chr2	233054001	233055000	*	0.000158731917650229	0.0189091305654054	14.0307444118696
chr2	233139001	233140000	*	0.00198025378500888	0.0807577315338356	23.3932584269663
chr2	238916001	238917000	*	0.00167847653573892	0.0733843582652361	11.2914862914863
chr2	239459001	239460000	*	1.00169502204621e-09	4.94990736761519e-07	-16.3343169692092
chr2	239751001	239752000	*	0.00144259472513738	0.067469809284492	15.4381854092041
chr2	240791001	240792000	*	6.03184411148401e-20	1.66505537596546e-16	-30.7912638739706
chr2	240879001	240880000	*	0.00159165279717329	0.071176830166514	-22.5508034285464
chr3	2506001	2507000	*	5.09803544517456e-07	0.000145235606078903	-20.2615182816855
chr3	4719001	4720000	*	0.00208708359017562	0.0836409981769793	20.7290701266605
chr3	9934001	9935000	*	0.00128614794203078	0.0634133823855796	22.6926406926407
chr3	10006001	10007000	*	0.000989914345550689	0.0555941788635571	-25.8823529411765
chr3	11325001	11326000	*	0.00256331654983997	0.093540495726588	-29.5774647887324
chr3	13655001	13656000	*	0.00110799476089611	0.0585256127716251	12.1674960158483
chr3	14555001	14556000	*	3.16748842195419e-08	1.22495817749218e-05	-11.7318130932558
chr3	16883001	16884000	*	0.000412874103339003	0.034038858245245	14.1680339075745
chr3	50322001	50323000	*	0.00274656992517949	0.0970302891001382	29.2028393899923
chr3	52155001	52156000	*	0.00194868635092175	0.0799169131455069	21.7086361331756
chr3	52222001	52223000	*	0.00274536285515151	0.0970302891001382	51.5151515151515
chr3	52279001	52280000	*	0.0011600754805817	0.059760167185494	22.3792486583184
chr3	53750001	53751000	*	2.68815003424096e-07	8.12052674654752e-05	14.30820804551
chr3	71417001	71418000	*	3.93776564236019e-05	0.00667858468718349	23.5231828152182
chr3	73227001	73228000	*	0.00137191045095007	0.0658489467195307	12.362427563901
chr3	126510001	126511000	*	0.00111100976000953	0.0586285109386602	11.1857776554411
chr3	138068001	138069000	*	0.00113048910503579	0.059056676421927	-19.1965243509976
chr3	141848001	141849000	*	0.00114410237130614	0.0594731217889402	10.243228890069
chr3	184514001	184515000	*	0.00268832775827478	0.0960750830765537	17.921146953405
chr3	185481001	185482000	*	0.000609130498599185	0.0422549051605564	-18.3139534883721
chr3	187291001	187292000	*	0.00286348287381268	0.0991049913272838	13.368168122354
chr4	791001	792000	*	0.000871575173606289	0.0519910880035032	16.6805112286684
chr4	968001	969000	*	0.000888464892588595	0.0524792685026699	-11.9093609422753
chr4	1549001	1550000	*	0.000183545198789782	0.0206337745958463	19.416891425005
chr4	3690001	3691000	*	0.000129332461577207	0.0164340106750137	-10.3982470266774
chr4	6937001	6938000	*	1.25918161052116e-08	5.22285097440071e-06	26.9239766081871
chr4	7735001	7736000	*	0.000242050194017373	0.0244656536964585	26.2893081761006
chr4	8002001	8003000	*	0.00289446968179719	0.0998273796601063	-24.8084784774468
chr4	8199001	8200000	*	0.000393026581450074	0.0330666515512157	18.3582029642861
chr4	8202001	8203000	*	0.00187198331424049	0.0778709873645376	11.1021094311726
chr4	31734001	31735000	*	0.00178434255016547	0.0759609504868319	12.7235494880546
chr4	49644001	49645000	*	0.00261247126861796	0.0943752983227884	-17.979797979798
chr4	57224001	57225000	*	2.73589268002377e-09	1.23042635754849e-06	20.1963729417
chr4	123396001	123397000	*	2.60138262201898e-05	0.00481814200640195	21.9145191222331
chr4	123444001	123445000	*	1.02524281198288e-09	5.03518810207935e-07	22.8846153846154
chr4	183753001	183754000	*	0.000745598262494079	0.0479030775383808	12.963177396943
chr4	186619001	186620000	*	0.00165644917654954	0.0728990698328383	11.3207547169811
chr5	1950001	1951000	*	0.000733308288046929	0.047303293833269	10.915673458926
chr5	6350001	6351000	*	6.41803490280342e-07	0.000178396429281267	15.4656180400891
chr5	17056001	17057000	*	0.000832080706571578	0.0507443716315858	-19.8058806737082
chr5	65035001	65036000	*	0.000468362267551363	0.0361532384955137	10.2609121529526
chr5	74641001	74642000	*	0.000116725755551271	0.0152813314460025	10.6106810728804
chr5	95670001	95671000	*	0.000298855250553888	0.028360520305565	-15.2614379084967
chr5	135338001	135339000	*	0.00129504422960187	0.0635591573553741	-11.6279069767442
chr5	141174001	141175000	*	0.0024622925783163	0.091723329553631	22.6488722838544
chr5	148221001	148222000	*	0.000121403510375871	0.015700633144517	19.655028515788
chr5	172339001	172340000	*	0.000480742041147754	0.0367571636641615	11.9054193007845
chr5	174311001	174312000	*	0.00220877160438965	0.0862444212388841	-52.6136672095548
chr5	175879001	175880000	*	0.000976583031117145	0.0551223332180242	14.4260713569528
chr5	176851001	176852000	*	0.00113867340802697	0.0593127670294788	-23.2344612007722
chr5	179302001	179303000	*	7.78030442764214e-06	0.00173009782543416	13.1842856458315
chr6	1245001	1246000	*	1.29762258719488e-05	0.00271222798783376	-19.3236714975845
chr6	7835001	7836000	*	0.000631617132304708	0.0431422568881733	-20.9414419033945
chr6	24359001	24360000	*	0.00248321859258143	0.0920317691734334	-17.5858742607893
chr6	27827001	27828000	*	5.2204952019491e-08	1.94379209529493e-05	21.6783216783217
chr6	28537001	28538000	*	0.000662766025927789	0.0447354818516671	24.1656292102256
chr6	28658001	28659000	*	6.31039980581053e-05	0.00964055772075801	18.3652173913043
chr6	33201001	33202000	*	3.26592913724972e-05	0.00574608348197299	-86.4150943396226
chr6	33976001	33977000	*	0.000946474310203602	0.0545265692006661	11.5384615384615
chr6	35141001	35142000	*	0.000673320742510734	0.0450423480627306	22.3171878549093
chr6	36388001	36389000	*	0.000566679936648058	0.0405763150373269	18.680165788792
chr6	37536001	37537000	*	0.00128642402641799	0.0634133823855796	11.4713099953038
chr6	38177001	38178000	*	3.2268801143719e-07	9.60300425634162e-05	31.3213102686787
chr6	41505001	41506000	*	0.00168284072633023	0.0735109108401006	17.9924242424242
chr6	46853001	46854000	*	0.00170392720205867	0.0740980825925441	18.575487012987
chr6	98828001	98829000	*	0.000204413714039847	0.0218768607207447	13.6248331108144
chr6	105666001	105667000	*	0.00131929474751402	0.0642510660497668	11.3782051282051
chr6	106939001	106940000	*	0.000114778736431767	0.0152377448745106	23.0196912060864
chr6	108117001	108118000	*	0.000972093246651827	0.055109388986589	26.1579528509146
chr6	116253001	116254000	*	2.10548041998447e-05	0.00405167355718548	-70.8833313764628
chr6	135054001	135055000	*	0.000147192641559954	0.0180171013542908	10.5167455459162
chr6	149320001	149321000	*	5.5111425294749e-07	0.000155345927893674	23.2597623089983
chr6	150683001	150684000	*	7.11873797400638e-07	0.000195833321240788	27.4621752783329
chr6	151493001	151494000	*	4.44083912148124e-05	0.00731795177751792	-30.8708085505877
chr6	157317001	157318000	*	0.000597706982552628	0.0418985309657132	-12.4060980998674
chr6	158435001	158436000	*	0.000450230889151585	0.0356883846557351	14.1829848434561
chr7	920001	921000	*	0.000609652760852282	0.0422549051605564	-11.126497005988
chr7	925001	926000	*	9.2514481366136e-05	0.0129476294082147	28.0821917808219
chr7	1286001	1287000	*	0.00114973993484498	0.0596113408983072	13.840265759121
chr7	1587001	1588000	*	0.001673437942641	0.073284139199881	13.5221511929019
chr7	2647001	2648000	*	0.000967384147413927	0.0550327751972312	-14.82446861135
chr7	8111001	8112000	*	0.00269921663272346	0.0961637165411378	-13.8501742160279
chr7	39475001	39476000	*	0.000780072727928236	0.048901340938067	10.8108108108108
chr7	45028001	45029000	*	0.000600974739157174	0.0420533922124583	21.3845350052247
chr7	64207001	64208000	*	0.00208164430147625	0.0834877113018969	14.8918576852763
chr7	74312001	74313000	*	0.000337395388651422	0.030416045377322	-16.9874801190816
chr7	98835001	98836000	*	0.000226145666943118	0.02354361015283	11.9215865055847
chr7	100611001	100612000	*	0.00138368624295619	0.0662155904142224	14.0978784096987
chr7	117274001	117275000	*	4.77467929393997e-06	0.00110790285555126	22.641196013289
chr7	144407001	144408000	*	0.0018376108093312	0.0770591437645937	15.7835581245986
chr7	151119001	151120000	*	0.000839277795680151	0.0509049759412885	-33.7316561844864
chr7	151337001	151338000	*	0.000341521608712417	0.0304891496429182	10.8881118881119
chr7	155072001	155073000	*	0.000511974675208878	0.0381966546288261	-15.3672109093133
chr7	156416001	156417000	*	0.00143814490072381	0.067469809284492	14.5448858304661
chr7	157531001	157532000	*	4.73293342147168e-05	0.00770090672455924	-15.2305992819663
chr7	157574001	157575000	*	0.000222728616692146	0.0232464813639638	-32.0646301092606
chr7	157963001	157964000	*	0.000846573998689558	0.0510816472332425	13.1967502649241
chr7	158509001	158510000	*	1.40608216496243e-09	6.50640610968697e-07	-26.7504901130285
chr8	1482001	1483000	*	0.00151539948582963	0.0692815443774271	-29.3292992840363
chr8	1838001	1839000	*	4.14327934388048e-07	0.000121494925326315	-28.0428981937603
chr8	1950001	1951000	*	0.000329281561272602	0.029988525175318	11.6076696165192
chr8	2985001	2986000	*	8.9343489111523e-05	0.0126057885372623	15.5757575757576
chr8	5920001	5921000	*	0.00075454869605965	0.0482072960521047	39.9240078806642
chr8	6258001	6259000	*	0.00284646846703581	0.0987723423925833	10.6533084208492
chr8	17628001	17629000	*	5.50432638351712e-05	0.0087427933252743	19.4195794259733
chr8	28348001	28349000	*	0.00254177922280975	0.0932523209474679	29.000710732054
chr8	52150001	52151000	*	1.25284018651058e-05	0.00263929934228041	20.8533286798709
chr8	81991001	81992000	*	2.12272397246732e-05	0.00405560894454551	-10.655511630045
chr8	100649001	100650000	*	0.0022183600877997	0.0862871082115086	-12.1118322410758
chr8	124133001	124134000	*	0.000725889730678192	0.0470366214506974	-18.0207088809239
chr8	130802001	130803000	*	2.98546818065001e-05	0.0053228309865687	27.5938189845475
chr8	141401001	141402000	*	3.09711502887811e-09	1.37740419450536e-06	30.441125562534
chr8	143095001	143096000	*	0.000425469195250947	0.0346843216208961	15.3571428571429
chr8	143289001	143290000	*	0.00249955265507468	0.0923056370271993	-43.5440099775966
chr8	144676001	144677000	*	0.0010417568460325	0.0568721779625042	-16.5105083949748
chr9	35676001	35677000	*	1.87799254755384e-05	0.00368476904378714	23.3445563894315
chr9	62800001	62801000	*	0.00128431910959563	0.0634133823855796	13.8581640800348
chr9	64049001	64050000	*	1.98222607213985e-14	2.51877402104421e-11	20.7911533188673
chr9	70589001	70590000	*	0.00157201857605311	0.0709513474633979	-25.3086419753086
chr9	85290001	85291000	*	0.00164087211558183	0.0724125802391523	24.3811451706189
chr9	96875001	96876000	*	0.00125188437969244	0.0626355374918003	12.5646381048115
chr9	99998001	99999000	*	0.00283823737344511	0.0987006393328317	-10.761605185397
chr9	107487001	107488000	*	0.00125941854403753	0.0628161937690014	-23.2850232647764
chr9	112449001	112450000	*	0.000418981908105764	0.0342251819172668	21.551724137931
chr9	114170001	114171000	*	6.42116698525662e-15	8.40023468858098e-12	23.9861523244313
chr9	127854001	127855000	*	0.00132645875040444	0.0644728280347512	31.5168648859427
chr9	128723001	128724000	*	2.73500845548617e-24	1.36840691866514e-20	25.5765291191103
chr9	130191001	130192000	*	0.00218212789406625	0.0858086531245475	-20.35031945749
chr9	131350001	131351000	*	0.000863449520595033	0.0516989968284667	16.3229522473156
chr9	133835001	133836000	*	1.58999139816245e-06	0.000401524530748373	-10.4242107239613
chr9	133924001	133925000	*	0.000447875327488445	0.0356044465099916	-38.0771396396396
chr9	133930001	133931000	*	0.00083229260221598	0.0507443716315858	36.7380794388094
chr9	134409001	134410000	*	0.00277328250018972	0.0973723911147154	24.7015459096661
chr9	135373001	135374000	*	0.00176273457539894	0.075501258781068	13.0550478443178
chr9	136000001	136001000	*	0.000442165792259792	0.0354122908824813	-15.5081903617775
chr9	136185001	136186000	*	0.000202442857369881	0.0217821063484132	29.8804979253112
chr9	137430001	137431000	*	0.00142651386103773	0.067293129252956	-27.0401930916744
chr9	137953001	137954000	*	0.00212291112159896	0.0845497495472513	-22.5920829319756
chr10	21509001	21510000	*	0.000957022766114373	0.0547622300391122	-40.9460784313725
chr10	21525001	21526000	*	4.90913983848357e-15	6.77569705744783e-12	11.953902475758
chr10	22477001	22478000	*	0.00104615173636657	0.0570097918139938	11.9251976359766
chr10	35089001	35090000	*	2.11082959565941e-12	1.656645456006e-09	16.6104218362283
chr10	46557001	46558000	*	0.000115942608880285	0.0152469930073076	-21.6358331777457
chr10	50025001	50026000	*	0.00087754774708641	0.052191798944468	-42.2105110477203
chr10	68727001	68728000	*	0.00107666807757696	0.0578026584149849	-26.1001788908766
chr10	69179001	69180000	*	0.000470514475870404	0.0362173125347072	11.8814005991776
chr10	73097001	73098000	*	0.00112868201894483	0.059056676421927	18.4658223985352
chr10	73851001	73852000	*	1.38238372900465e-06	0.000353558144894701	-28.5435101243146
chr10	86939001	86940000	*	0.0010545394764645	0.0573108257454504	21.2604350887755
chr10	93249001	93250000	*	0.00106495785041702	0.0576073034708873	14.3334597515881
chr10	96405001	96406000	*	0.000825920748022063	0.0505589496645873	-21.3461538461538
chr10	97366001	97367000	*	0.000926388939205908	0.0540525043428819	32.7416912279559
chr10	101816001	101817000	*	0.00221085140287924	0.0862444212388841	10.0190601174853
chr10	103875001	103876000	*	7.97978291575348e-08	2.85180370661306e-05	-14.2857142857143
chr10	112834001	112835000	*	0.000548261268609881	0.0398636277149566	29.1713117800074
chr10	118718001	118719000	*	9.58862796871701e-12	6.50505588591501e-09	-11.2190721649485
chr10	125152001	125153000	*	0.00144610772625147	0.0675014485561414	21.3926908088585
chr10	128686001	128687000	*	1.62931401297342e-05	0.00326077904959832	11.0750507099391
chr10	131646001	131647000	*	0.00224123822119599	0.0868849458521911	26.3434095442688
chr10	132793001	132794000	*	5.72098117375631e-05	0.00899058848175435	-37.2641402071242
chr10	132794001	132795000	*	0.000372044364469755	0.0318877902638581	-19.9224850169209
chr10	132972001	132973000	*	0.000169371953554605	0.0197648695221258	22.1698113207547
chr10	133254001	133255000	*	0.00283995943908366	0.0987176413088335	15.0887896284998
chr10	133309001	133310000	*	1.7725944059586e-05	0.00350373234037823	17.5509815268242
chr10	133372001	133373000	*	3.6720988880961e-20	1.08874750941669e-16	-54.2062415196744
chr11	862001	863000	*	0.000566537581121937	0.0405763150373269	-30.0792013267691
chr11	1200001	1201000	*	8.73581815839108e-13	7.60137798328826e-10	-18.1508458646617
chr11	1350001	1351000	*	1.67431374421093e-05	0.00334248171651812	-10.8715429403202
chr11	1946001	1947000	*	0.000429131604149416	0.0348763349729772	-67.3479563304494
chr11	2903001	2904000	*	2.62646292076308e-05	0.00482237917722949	20.5393205036826
chr11	3195001	3196000	*	6.9865999522962e-06	0.00155793020924387	32.5467594606351
chr11	6630001	6631000	*	0.000764657920978044	0.0486203445556196	-23.6475140630435
chr11	12138001	12139000	*	8.16660721234965e-06	0.00180596640840213	-30.3983678728659
chr11	15941001	15942000	*	0.000708435699710182	0.0465720807752301	16.7681202013152
chr11	27335001	27336000	*	0.000417557062663348	0.0342251819172668	10.1694915254237
chr11	31818001	31819000	*	0.000222003446787688	0.0232010434973534	17.2181440422275
chr11	45110001	45111000	*	0.000900599406294029	0.0529724551283951	16.8312831103529
chr11	46363001	46364000	*	0.000148378437052839	0.0181209688395895	-12.6190476190476
chr11	46675001	46676000	*	0.00251236679935589	0.0925976138201803	25.3311696117322
chr11	47589001	47590000	*	0.00232646606764793	0.088559268483087	-24.1664733256395
chr11	57236001	57237000	*	0.00144245557622081	0.067469809284492	11.0417310399286
chr11	62397001	62398000	*	4.04292531253354e-07	0.00011898806034165	-15.1637960148598
chr11	62925001	62926000	*	0.00095500012983523	0.0546878360370295	39.3416166739428
chr11	64235001	64236000	*	0.00118289411325047	0.0605847699475095	-40.5703356685434
chr11	68366001	68367000	*	0.00173623297870361	0.0750131995430458	15.541725162504
chr11	69874001	69875000	*	0.00048887665902487	0.0371308817458298	10.460325523038
chr11	75373001	75374000	*	0.000582402727795257	0.0411780592267392	19.6078431372549
chr11	92026001	92027000	*	0.000264647229436827	0.0262850544258361	25.9209100758397
chr11	114199001	114200000	*	1.75781823551051e-06	0.000441123153129365	-14.098543248234
chr11	118690001	118691000	*	4.68201534545817e-38	9.37021189703404e-34	35.739898989899
chr11	119839001	119840000	*	0.0008366458402579	0.0508548586801611	11.9557126030624
chr11	120516001	120517000	*	1.26029167467781e-06	0.000326504490481629	31.0087719298246
chr11	120547001	120548000	*	0.00116886490262767	0.0599813575143879	-12.5094268476621
chr11	125288001	125289000	*	0.0013141280866848	0.0641461240957184	-22.6529160739687
chr11	125769001	125770000	*	3.1261793123458e-09	1.38264879843874e-06	-16.3928571428571
chr12	1908001	1909000	*	0.000367242977265519	0.0316290394361749	-18.9763272049901
chr12	6363001	6364000	*	0.0022919421988774	0.087727978708657	12.0784282307856
chr12	31556001	31557000	*	0.000267123987638196	0.0264326641732765	40.5922944220817
chr12	40383001	40384000	*	0.00066256512100648	0.0447354818516671	-16.6716581810921
chr12	49867001	49868000	*	0.0019169996465367	0.079185348191527	-26.9947256200202
chr12	54361001	54362000	*	4.96761022127231e-05	0.0080337605588641	-14.421163202123
chr12	56115001	56116000	*	0.000160557791830799	0.0190982200524655	21.9229569557081
chr12	56360001	56361000	*	0.00082726842941496	0.0505641801984871	11.3096884855862
chr12	57211001	57212000	*	5.48685681077968e-06	0.00125139115453054	-13.1547619047619
chr12	111032001	111033000	*	0.000777469860867487	0.0488748765536085	-16.9399269830733
chr12	121918001	121919000	*	0.00157373598163839	0.0709513474633979	10.7366140961507
chr12	122184001	122185000	*	0.00226014081403488	0.0871954789501376	22.6392961876833
chr12	122947001	122948000	*	0.00253790830771078	0.0932384977897473	-17.206676485027
chr12	123601001	123602000	*	0.000245780715087956	0.0247370697428529	-31.5609967069821
chr12	123879001	123880000	*	0.00144842796105961	0.0675703529053506	-36.0703812316716
chr12	124654001	124655000	*	4.42075473475154e-05	0.00731651268879717	-17.2252462179826
chr12	125113001	125114000	*	1.15172772551896e-06	0.000302291929745295	22.4489795918367
chr12	132191001	132192000	*	5.0190166919542e-07	0.000144009455195477	11.0944218095792
chr12	132281001	132282000	*	0.00281493179056504	0.0982743979026031	-19.8074220900782
chr12	132309001	132310000	*	0.000361257688094578	0.0312983683687789	-16.5318809649417
chr12	132444001	132445000	*	5.69963890778662e-05	0.00898928237296193	12.6080166579906
chr12	132506001	132507000	*	1.47703312363481e-11	9.61306090856372e-09	17.2011251758087
chr12	132507001	132508000	*	0.000268206376524973	0.0264877517679062	30.120232172471
chr13	44459001	44460000	*	0.00180108403759929	0.0763326752727643	-18.3475143609899
chr13	49762001	49763000	*	0.000559112603811547	0.0402867092425623	13.8883485703171
chr13	53200001	53201000	*	0.000827670192085407	0.0505641801984871	-26.1410333522286
chr13	99883001	99884000	*	1.25925537156953e-05	0.00264585114396279	17.2408310366759
chr13	110286001	110287000	*	0.00137606816665484	0.0659629466175627	10.7057848145276
chr13	110470001	110471000	*	9.05877077528364e-07	0.000241726679440605	28.384124734231
chr13	110562001	110563000	*	0.000957713841511217	0.0547626302505936	14.9296619159633
chr13	111558001	111559000	*	0.00128935352786225	0.063439686855728	19.6581196581197
chr13	111893001	111894000	*	1.04336892023961e-05	0.00225742194403842	-24.2997133888358
chr13	113549001	113550000	*	0.000128973381207241	0.0164340106750137	-38.9676910953507
chr13	113823001	113824000	*	0.00263076105949546	0.0946395842043986	-20.3805109830192
chr14	19800001	19801000	*	0.000726823981936766	0.0470366214506974	-20.6204906204906
chr14	21526001	21527000	*	0.000919695815847155	0.0538188835078469	10.8726164737289
chr14	24241001	24242000	*	0.000684320170016353	0.045386703592498	-13.1230393865458
chr14	36676001	36677000	*	2.31920066085742e-07	7.19606687614349e-05	12.9523133356999
chr14	39174001	39175000	*	0.000772565238169999	0.0487870363399682	11.3494753833737
chr14	56797001	56798000	*	0.000803036793052799	0.0496861830939818	-27.7153102284528
chr14	69571001	69572000	*	0.00257366047560832	0.0937346442761756	13.7806465981218
chr14	77543001	77544000	*	1.33652479253963e-05	0.00278358953512764	24.5379310344828
chr14	102088001	102089000	*	0.000343535029516777	0.0304891496429182	32.7381864623244
chr14	103122001	103123000	*	0.000846115718796196	0.0510816472332425	13.5350859578938
chr14	103776001	103777000	*	2.10438786972987e-07	6.65858333055596e-05	10.6382978723404
chr14	103871001	103872000	*	0.00134976494817934	0.0652097008755597	27.2547338743475
chr14	104736001	104737000	*	6.50768938276684e-20	1.73652936402716e-16	18.4602134619954
chr14	105537001	105538000	*	0.000303778597699799	0.0286434979749341	-10.5221207082741
chr15	22840001	22841000	*	0.000380143087483723	0.032378880810479	53.5162447402911
chr15	27706001	27707000	*	0.000289273910031089	0.0277997464615891	-13.9677601809955
chr15	28993001	28994000	*	0.00058022351341933	0.0411314847869985	-21.7323881258307
chr15	29453001	29454000	*	9.44996455221858e-11	5.40354427620853e-08	-33.6979322744981
chr15	29823001	29824000	*	0.00189272959171493	0.0785475991469269	17.0863665098529
chr15	42601001	42602000	*	0.001287234624831	0.0634133823855796	30.7862855332964
chr15	68213001	68214000	*	0.00037370414411935	0.0319957926504695	-16.5019970569687
chr15	74827001	74828000	*	0.000241745338079691	0.0244656536964585	19.5852206701923
chr15	78812001	78813000	*	0.000230121097926497	0.0237588716491849	33.87957424102
chr15	90529001	90530000	*	1.20230820871858e-05	0.00254624730916743	28.1296222154338
chr15	99916001	99917000	*	1.71276592765468e-05	0.00340227598247859	17.1332990221307
chr16	625001	626000	*	0.000344040760315294	0.0304891496429182	-13.3417765116997
chr16	660001	661000	*	0.00183959323999123	0.0771018872187276	13.6718609050655
chr16	709001	710000	*	0.00197536729975547	0.0806804588451168	13.1881473043661
chr16	1073001	1074000	*	2.86996737784073e-14	3.42908877158902e-11	27.9255923955064
chr16	1336001	1337000	*	0.00230230664849605	0.0878903730449321	-23.8923625117655
chr16	1450001	1451000	*	0.001764573986926	0.0755396271228734	-24.3410953810147
chr16	1551001	1552000	*	0.00127185034030785	0.0631216312462337	12.9247154641328
chr16	1744001	1745000	*	0.000277383523257726	0.0269155514571263	-13.249790142703
chr16	2036001	2037000	*	0.00159891845958411	0.0712683254910626	-24.0599862985229
chr16	2096001	2097000	*	0.00207677312309776	0.0833340953637722	-20.2167957741864
chr16	2529001	2530000	*	6.16899336567494e-08	2.24475109979161e-05	-32.5
chr16	3333001	3334000	*	3.88915880795224e-05	0.00661015039594024	10.9028704059563
chr16	3735001	3736000	*	0.00211675802970539	0.0844307046863552	-18.0583096628973
chr16	4892001	4893000	*	4.28941643669325e-05	0.00716868122724987	-24.2173792593961
chr16	11387001	11388000	*	0.000444872484263367	0.0354361110479281	-35.269332452082
chr16	23330001	23331000	*	1.61528887253567e-06	0.00040663022046592	18.0722891566265
chr16	23399001	23400000	*	9.03518931481251e-05	0.0127116393003946	20.8319068812051
chr16	25066001	25067000	*	0.0021264886282031	0.0845980375396852	-18.7871287128713
chr16	29184001	29185000	*	5.73268271886423e-09	2.4806343215211e-06	31.5700737618546
chr16	30157001	30158000	*	0.00273746751226412	0.0969225835412326	12.0766084592589
chr16	30923001	30924000	*	0.00289682533954761	0.0998273796601063	18.0179808076219
chr16	31357001	31358000	*	0.000985304667928146	0.0554686395800114	30.6039613167194
chr16	34795001	34796000	*	0.00122105430722632	0.0615934632089684	-14.2437780005838
chr16	48609001	48610000	*	0.00162455280506603	0.0720898081602492	22.4997480995511
chr16	51391001	51392000	*	0.00199501052278182	0.0808960369215254	-22.4996059889677
chr16	68338001	68339000	*	0.000971656498633534	0.055109388986589	13.7820512820513
chr16	68358001	68359000	*	0.000465936358969586	0.036142338553389	-33.7077865266842
chr16	71611001	71612000	*	0.0023676208789492	0.0895999282904244	-12.8256563912447
chr16	84259001	84260000	*	0.00264175981184269	0.0949193407598897	-25.7979230595863
chr16	85194001	85195000	*	3.75407782130715e-05	0.00647682050322241	16.0714285714286
chr16	86741001	86742000	*	0.000891845931019912	0.052612211609128	19.0346790890269
chr16	87412001	87413000	*	0.00110832875309286	0.0585256127716251	-20.402458611317
chr16	87856001	87857000	*	0.00237389306105896	0.0896823056259154	21.6217517873197
chr16	87950001	87951000	*	6.47070509259146e-155	5.17998112924732e-150	-79.9541741382746
chr16	88657001	88658000	*	0.000324429741218704	0.0298180388168624	33.0388582143973
chr16	88732001	88733000	*	0.000954820511414039	0.0546878360370295	14.9507168458781
chr16	88885001	88886000	*	0.00185383868810731	0.0774556329393692	-12.9908272122082
chr16	89344001	89345000	*	0.000191352256193331	0.0211325261947668	-17.6666666666667
chr17	336001	337000	*	0.00238237149762013	0.089960154847251	29.3201133144476
chr17	2935001	2936000	*	0.000432622372024412	0.0350156764659116	17.237142755815
chr17	4004001	4005000	*	0.00120400085957138	0.0611571381601494	21.6142791635303
chr17	7855001	7856000	*	0.0011566627302879	0.0596979158162999	-24.6903942362226
chr17	17076001	17077000	*	0.000354181771803936	0.0310523488836407	-15.6759906759907
chr17	17199001	17200000	*	0.00182946349438408	0.0769189548354902	-26.3532004122685
chr17	17416001	17417000	*	0.00278236376241411	0.0975628700322085	-13.5838998386071
chr17	19980001	19981000	*	0.00236158713057689	0.089470743648925	29.6806231742941
chr17	28467001	28468000	*	0.000388841576071364	0.0329321315223675	-29.7530436789568
chr17	33507001	33508000	*	0.000134632960945373	0.0168559546158071	19.2670480903046
chr17	33942001	33943000	*	0.00106550860011422	0.0576073034708873	-13.3838383838384
chr17	36657001	36658000	*	0.000475611806388	0.0365394056216363	14.4182208705393
chr17	36658001	36659000	*	0.00165942572086509	0.072989938877346	11.0374779388864
chr17	40612001	40613000	*	1.68536224196831e-05	0.00335616865927686	-21.8020820868733
chr17	43399001	43400000	*	7.9836223609508e-05	0.0115571679683697	11.4128393991912
chr17	44354001	44355000	*	0.000810278530524178	0.0499480735917147	-13.3725513557521
chr17	45996001	45997000	*	0.00179238017031277	0.076119398292782	-20.4554183813443
chr17	47991001	47992000	*	0.00104220560241653	0.0568721779625042	14.8876404494382
chr17	50221001	50222000	*	1.39231163683105e-05	0.00287264062504927	-16.2068965517241
chr17	58195001	58196000	*	9.30269682064327e-05	0.0129544904045893	13.5536398467433
chr17	61457001	61458000	*	7.96501358297159e-12	5.54453655407526e-09	10.5039193729003
chr17	73482001	73483000	*	0.00245779407129227	0.0915983785341285	16.1839109537061
chr17	73508001	73509000	*	7.18578977007611e-05	0.0107321389808384	13.4146341463415
chr17	75589001	75590000	*	0.000179653347786665	0.0203996524417597	16.2673255907932
chr17	78127001	78128000	*	0.00111365875256621	0.0586668731616231	10.2167494806687
chr17	79086001	79087000	*	0.00209081123210513	0.083645832232339	-24.6227659829675
chr17	79411001	79412000	*	0.00247159629279733	0.0918803720095111	-16.2666798110032
chr17	79627001	79628000	*	0.000132733067600605	0.0167489038028959	10.4270937604271
chr17	80449001	80450000	*	5.30212555757363e-17	1.03524399922144e-13	-24.9294690946396
chr17	81240001	81241000	*	0.000791147571084793	0.0492519393653602	-15.592327798278
chr17	81243001	81244000	*	7.39654467231986e-16	1.2083962675803e-12	-25.0708345068391
chr17	81721001	81722000	*	0.00125471423238439	0.0626987500882185	13.6
chr17	82830001	82831000	*	0.000526489840422689	0.0390249908813452	-59.7030113772847
chr18	10032001	10033000	*	0.00230525889159768	0.0879192223085495	15.4900653689154
chr18	10205001	10206000	*	0.000959291345891869	0.0548136802328779	13.8461538461538
chr18	47561001	47562000	*	0.000911721686196144	0.0535087105338495	13.2509923902788
chr18	50265001	50266000	*	0.00128244092837565	0.0634133823855796	16.4117907801418
chr18	50403001	50404000	*	0.00220019191538092	0.08612789297943	11.1705288175876
chr18	75185001	75186000	*	1.37696700228264e-05	0.00285570142920565	22.753327504129
chr18	76446001	76447000	*	0.000813344097411631	0.0500704757834149	14.0492359932088
chr18	77053001	77054000	*	0.000678510502121226	0.0452262040026005	-13.4500571622137
chr18	78788001	78789000	*	0.000924734550987278	0.0539980286045593	12.4051443776486
chr18	79771001	79772000	*	0.00178485366461474	0.0759609504868319	15.6049632072544
chr19	580001	581000	*	5.72771928383356e-05	0.00899058848175435	-43.7631578947368
chr19	779001	780000	*	0.00227854676282616	0.0875375730231599	22.2154129002605
chr19	789001	790000	*	0.000731849827105193	0.0472472852848586	20.525720703288
chr19	1503001	1504000	*	2.11940731079587e-05	0.00405560894454551	-33.2361182046864
chr19	1960001	1961000	*	0.00137286741976569	0.0658489467195307	-10.5234835122126
chr19	1986001	1987000	*	1.95060090092356e-05	0.00379929633975389	-28.8096742103013
chr19	2424001	2425000	*	0.000333469123333671	0.0303009531567601	-25.4148198260157
chr19	2512001	2513000	*	1.22560939681732e-07	4.15735058582425e-05	-27.3504273504274
chr19	2688001	2689000	*	0.0016903822699834	0.0737036206112104	31.8811274509804
chr19	4173001	4174000	*	0.00183307928848153	0.0769497349122792	-14.7032039933217
chr19	4197001	4198000	*	3.65648905275102e-05	0.00634950577851309	26.0097146326654
chr19	5316001	5317000	*	0.00107589289142399	0.0578026584149849	-14.0158412909912
chr19	6374001	6375000	*	0.0026721443647459	0.0957532050112875	-19.4352718417256
chr19	6417001	6418000	*	0.00235171398561009	0.089265674893787	-40.4522058011355
chr19	6656001	6657000	*	1.32474243209809e-12	1.12818459226863e-09	-31.917701863354
chr19	6919001	6920000	*	0.00277139740785146	0.0973723911147154	-12.9435950660652
chr19	7895001	7896000	*	0.000865718679915101	0.0517961220741511	10.2719298245614
chr19	7905001	7906000	*	0.000305841337729225	0.0287027642584001	-28.6680761099366
chr19	8085001	8086000	*	0.00227865522080234	0.0875375730231599	20.7757344292692
chr19	10013001	10014000	*	0.00178961534277996	0.0760827050313511	13.8664135620922
chr19	10805001	10806000	*	9.87740283070449e-06	0.00214867889441092	23.7612612612613
chr19	10963001	10964000	*	0.00167037556021285	0.0732693175149922	-13.3360193392425
chr19	12637001	12638000	*	0.00108789191746266	0.0580592019208673	12.4398073836276
chr19	17873001	17874000	*	0.00147024957473858	0.0681514806238779	10.1539633848498
chr19	18436001	18437000	*	0.000467475796482416	0.036142338553389	46.3562632612187
chr19	18851001	18852000	*	8.56659699475825e-08	2.99467312282537e-05	-10.1756613756614
chr19	19860001	19861000	*	0.00016412338979587	0.0194357074332847	15.5605713515699
chr19	29856001	29857000	*	0.000194181734549326	0.0213156758300122	-15.3924442273245
chr19	33880001	33881000	*	0.000883763317782017	0.0524057298276015	24.8177716070809
chr19	35126001	35127000	*	0.000325679141605182	0.0298563295719599	33.6365533332912
chr19	37077001	37078000	*	2.05662704490518e-11	1.30665690571107e-08	36.4705882352941
chr19	37595001	37596000	*	0.000143360592546955	0.0176289063003261	11.9850187265918
chr19	38005001	38006000	*	0.000407043254635678	0.0338369216447948	26.889338731444
chr19	38238001	38239000	*	3.68160128656181e-05	0.00637927535115128	22.9480421686747
chr19	38870001	38871000	*	0.00149829999623897	0.068774725944033	24.4281106226939
chr19	39353001	39354000	*	0.000679756181218465	0.0452715400306363	-14.5320197044335
chr19	39408001	39409000	*	0.00158148137176129	0.0710449072598092	36.4491978609626
chr19	46059001	46060000	*	0.00019835443638004	0.0215998913763399	-11.2244897959184
chr19	48715001	48716000	*	6.05203198602552e-07	0.000169399354921753	-18.6144578313253
chr19	50798001	50799000	*	9.0512888279826e-05	0.0127119489022887	-49.4785082174463
chr19	52451001	52452000	*	0.00085085192533549	0.0511743695597807	-30.1836402537281
chr19	53008001	53009000	*	5.13915102766059e-06	0.00117940337769922	10.5235373501627
chr19	55456001	55457000	*	0.00152031732999456	0.069387497970343	-20.9852744310576
chr19	55685001	55686000	*	0.00190219549672244	0.0787944722040035	-14.2250530785563
chr19	56844001	56845000	*	0.000134520776798484	0.0168559546158071	-10.2955596021852
chr20	266001	267000	*	2.15900148981474e-10	1.17574239394775e-07	15.2401097932563
chr20	642001	643000	*	0.000946774173273457	0.0545265692006661	12.9247845150005
chr20	663001	664000	*	0.00108086725681321	0.057954761601137	16.2592666700842
chr20	1183001	1184000	*	9.9762429473164e-06	0.00216429881308682	-14.0086988039145
chr20	19027001	19028000	*	0.00149683048202939	0.0687639948617974	-69.906910132474
chr20	20251001	20252000	*	0.00011697960396176	0.0152813314460025	-18.2609643135959
chr20	23086001	23087000	*	0.000358889653329753	0.0312283962393419	25.2175577422763
chr20	32582001	32583000	*	7.37154987237746e-05	0.0108876986566705	-23.071641107805
chr20	33862001	33863000	*	0.00056779461806924	0.0406197976672141	-66.1872277103465
chr20	41364001	41365000	*	0.00266738244970723	0.0956253718426014	10.6778370144707
chr20	45319001	45320000	*	4.00177488453562e-06	0.000939452541977502	43.2998446026526
chr20	45487001	45488000	*	2.9527949299092e-05	0.00529998936829606	15.5675252817458
chr20	51595001	51596000	*	0.000109814228657605	0.0147995578640897	19.1978559337973
chr20	53603001	53604000	*	0.00247224708355901	0.0918803720095111	13.9664239482201
chr20	56649001	56650000	*	5.1371191840854e-05	0.00825784771349049	-18.367539069855
chr20	57092001	57093000	*	0.0023685692110291	0.0895999282904244	13.5529541685727
chr20	57212001	57213000	*	0.000271857778248759	0.0266275785882247	24.8504510657674
chr20	57392001	57393000	*	0.00196093579576039	0.0803369585039884	27.6962854875458
chr20	58706001	58707000	*	0.00062634902541524	0.0428922141344461	-16.4674136048461
chr20	59006001	59007000	*	0.000840149427729353	0.0509131876587575	13.4054526666414
chr20	62162001	62163000	*	1.71358307546794e-08	6.8933234709023e-06	18.2911832946636
chr20	62538001	62539000	*	0.00260991218541849	0.0943254172853584	10.5531914893617
chr20	63028001	63029000	*	2.81339256654187e-06	0.00068042288575634	15.4266498528794
chr20	63246001	63247000	*	0.000127016057966612	0.0162687873785312	39.9806642402184
chr20	64141001	64142000	*	0.000339663106314582	0.0304891496429182	20.0688919872058
chr21	8401001	8402000	*	0.000543860907383562	0.0398331133041449	-54.3164687727174
chr21	9129001	9130000	*	0.00086939139858421	0.0518994949872984	-18.092456117645
chr21	9593001	9594000	*	0.00179084393707774	0.0760945254764138	-11.2585555953511
chr21	31251001	31252000	*	0.00215662009716702	0.0851719263649358	-11.2580873427908
chr21	36571001	36572000	*	0.00131914300185942	0.0642510660497668	11.440787768852
chr21	36640001	36641000	*	0.000777645249421727	0.0488748765536085	17.4714086600146
chr21	40144001	40145000	*	0.00191124976152865	0.0790293958440825	-14.1780636566123
chr21	45478001	45479000	*	7.87842938142369e-12	5.53237188815185e-09	18.9748129073791
chr21	46393001	46394000	*	0.000292564121651483	0.0279481855392559	-23.8046171905569
chr22	11033001	11034000	*	0.00141441778881758	0.0669954331342281	-10.6736967092616
chr22	23290001	23291000	*	0.00224883437363374	0.0870529528617147	-26.8640805448623
chr22	29789001	29790000	*	0.00237028710371412	0.0895999282904244	10.6955675351902
chr22	37295001	37296000	*	0.00145450789743115	0.0676961869564394	12.6123398763909
chr22	39385001	39386000	*	0.000186669954373956	0.0208374266724187	-15.787841191067
chr22	39685001	39686000	*	0.000204154827105015	0.0218768607207447	12.1029525017717
chr22	41247001	41248000	*	1.10714712622507e-05	0.00237614574833548	-12.9893431926925
chr22	41621001	41622000	*	5.23610669393173e-12	3.74254503803528e-09	28.2258064516129
chr22	42646001	42647000	*	0.000499343414095076	0.0377082230797507	-17.265365448505
chr22	44820001	44821000	*	0.000929385164718312	0.05406968911653	25.3054221002059
chr22	46122001	46123000	*	0.00116585938778202	0.0599813575143879	18.6177178353573
chr22	46533001	46534000	*	0.00272929268408103	0.0967615338507938	-34.3000632326475
chr22	46534001	46535000	*	0.00170405727573194	0.0740980825925441	-11.4985691214946
chr22	46535001	46536000	*	7.54560095495263e-05	0.0110227471733793	-58.207782229767
chr22	46671001	46672000	*	0.00285665177823633	0.0989969682064297	-13.5313033206458
chr22	48464001	48465000	*	5.91099734246305e-09	2.54404266571162e-06	28.1897233201581
chr22	49040001	49041000	*	2.96983774722326e-07	8.93773876727832e-05	28.5593527351769
chr22	49838001	49839000	*	0.000129314398897298	0.0164340106750137	12.4083582089552
chr22	50272001	50273000	*	0.0015982734586359	0.0712683254910626	-24.6665423001586
chr22	50719001	50720000	*	3.86913833182603e-05	0.00661015039594024	-18.6274509803922
chrX	1214001	1215000	*	0.000760803030352259	0.0484522028449376	13.0377094972067
chrX	1593001	1594000	*	1.69978757027379e-08	6.87236202733693e-06	25.8870564717641
chrX	2678001	2679000	*	0.000354760225218492	0.0310523488836407	-16.021756021756
chrX	18634001	18635000	*	0.0017661474135389	0.0755665739916866	-14.3676867686769
chrX	55488001	55489000	*	0.00272087784324538	0.0965915351648097	-22.7301534587018
chrX	71148001	71149000	*	9.90324455354046e-08	3.41716610181846e-05	-24.0165631469979
chrX	86085001	86086000	*	9.53227024190903e-05	0.013202162634082	17.4291617473436
chrX	116547001	116548000	*	0.000355643822928764	0.0310764100574267	22.824302134647
chrX	154465001	154466000	*	0.00288255337094845	0.0995068959841411	-12.5
